Source,Target,Type
JAL-SEMADET-0017,JAL-SEMADET-0013,Directed
JAL-SEMADET-0018,JAL-SEMADET-0013,Directed
JAL-SEMADET-0021,JAL-SEMADET-0013,Directed
JAL-SEMADET-0016,JAL-SEMADET-0013,Directed
JAL-RC-0008,JAL-SETRAN-0002,Directed
JAL-RC-0008,JAL-SETRAN-0018,Directed
JAL-RC-0008,JAL-SETRAN-0019,Directed
JAL-RC-0008,JAL-SETRAN-0020,Directed
JAL-RC-0008,JAL-SETRAN-0021,Directed
JAL-SETRAN-0007,JAL-SETRAN-0030,Directed
JAL-SETRAN-0007,JAL-SETRAN-0031,Directed
JAL-SETRAN-0007,JAL-SETRAN-0032,Directed
JAL-RC-0008,JAL-SETRAN-0004,Directed
JAL-SETRAN-0007,JAL-SETRAN-0010,Directed
JAL-RC-0008,JAL-SETRAN-0003,Directed
JAL-SETRAN-0007,JAL-SETRAN-0013,Directed
JAL-RC-0008,JAL-SETRAN-0005,Directed
JAL-CODE-0006,JAL-SETRAN-0022,Directed
JAL-RC-0008,JAL-SETRAN-0045,Directed
JAL-RC-0008,JAL-SETRAN-0060,Directed
JAL-RC-0008,JAL-SETRAN-0061,Directed
JAL-RC-0008,JAL-SETRAN-0062,Directed
JAL-RC-0008,JAL-SETRAN-0058,Directed
JAL-RC-0008,JAL-SETRAN-0046,Directed
JAL-SETRAN-0102,JAL-SETRAN-0048,Directed
JAL-RC-0008,JAL-SETRAN-0050,Directed
JAL-RC-0008,JAL-SETRAN-0051,Directed
JAL-RC-0008,JAL-SETRAN-0052,Directed
JAL-RC-0008,JAL-SETRAN-0053,Directed
JAL-RC-0008,JAL-SETRAN-0054,Directed
JAL-RC-0008,JAL-SETRAN-0056,Directed
JAL-RC-0008,JAL-SETRAN-0057,Directed
JAL-RC-0008,JAL-SETRAN-0059,Directed
JAL-RC-0008,JAL-SETRAN-0076,Directed
JAL-RC-0008,JAL-SETRAN-0077,Directed
JAL-CODE-0006,JAL-SETRAN-0110,Directed
JAL-RC-0008,JAL-SETRAN-0110,Directed
JAL-IJCF-0014,JAL-SETRAN-0110,Directed
JAL-RC-0008,JAL-SETRAN-0107,Directed
JAL-RC-0008,JAL-SETRAN-0102,Directed
JAL-RC-0008,JAL-SETRAN-0103,Directed
JAL-RC-0008,JAL-IJC-0001,Directed
JAL-RC-0008,JAL-IJC-0002,Directed
JAL-RC-0008,JAL-IJC-0003,Directed
JAL-RC-0008,JAL-RPPyC-0050,Directed
JAL-RC-0008,JAL-RPPyC-0023,Directed
JAL-RC-0008,JAL-RPPyC-0044,Directed
JAL-RC-0008,JAL-RPPyC-0098,Directed
JAL-RC-0008,JAL-HCG-0002,Directed
JAL-RC-0008,JAL-HCG-0053,Directed
JAL-RC-0008,JAL-HCG-0096,Directed
JAL-RC-0008,JAL-HCG-0098,Directed
JAL-RC-0008,JAL-HCG-0104,Directed
JAL-RC-0008,JAL-HCG-0105,Directed
JAL-RC-0001,JAL-HCG-0111,Directed
JAL-RC-0001,JAL-HCG-0115,Directed
JAL-RC-0001,JAL-HCG-0118,Directed
JAL-RC-0001,JAL-HCG-0121,Directed
JAL-IJCF-0014,JAL-SADER-0009,Directed
JAL-RC-0008,JAL-SADER-0010,Directed
JAL-RC-0008,JAL-SADER-0011,Directed
JAL-RC-0008,JAL-SADER-0013,Directed
JAL-RC-0008,JAL-PROSOC-0001,Directed
JAL-RC-0008,JAL-PROSOC-0002,Directed
JAL-RC-0008,JAL-PROSOC-0003,Directed
JAL-RC-0008,JAL-PROSOC-0004,Directed
JAL-RC-0008,JAL-PROSOC-0005,Directed
JAL-CODE-0006,JAL-PROSOC-0006,Directed
JAL-RC-0008,JAL-PROSOC-0006,Directed
JAL-IJCF-0014,JAL-PROSOC-0007,Directed
JAL-CODE-0006,JAL-PROSOC-0007,Directed
JAL-RC-0008,JAL-PROSOC-0007,Directed
JAL-RC-0008,JAL-PROSOC-0008,Directed
JAL-RC-0008,JAL-PROSOC-0009,Directed
JAL-RC-0008,JAL-PROSOC-0010,Directed
JAL-RC-0008,JAL-PROSOC-0011,Directed
JAL-RC-0008,JAL-PROSOC-0012,Directed
JAL-RC-0008,JAL-PROSOC-0013,Directed
JAL-RC-0008,JAL-PROSOC-0014,Directed
JAL-RC-0008,JAL-PROSOC-0015,Directed
JAL-RC-0008,JAL-PROSOC-0016,Directed
JAL-RC-0008,JAL-PROSOC-0017,Directed
JAL-RC-0008,JAL-PROSOC-0018,Directed
JAL-RC-0008,JAL-PROSOC-0019,Directed
JAL-RC-0008,JAL-PROSOC-0020,Directed
JAL-RC-0008,JAL-PROSOC-0021,Directed
JAL-RC-0008,JAL-PROSOC-0022,Directed
JAL-RC-0008,JAL-PROSOC-0025,Directed
JAL-RC-0008,JAL-COECYTJAL-0001,Directed
JAL-RC-0008,JAL-DGAA-0003,Directed
JAL-RC-0008,JAL-STyPS-0005,Directed
JAL-CODE-0006,JAL-STyPS-0006,Directed
JAL-CODE-0006,JAL-STyPS-0007,Directed
JAL-RC-0008,JAL-STyPS-0021,Directed
JAL-RC-0008,JAL-STyPS-0023,Directed
JAL-RC-0008,JAL-STyPS-0012,Directed
JAL-SE-0013,JAL-STyPS-0012,Directed
JAL-CODE-0006,JAL-STyPS-0012,Directed
JAL-RC-0008,JAL-STyPS-0013,Directed
JAL-SE-0013,JAL-STyPS-0013,Directed
JAL-RC-0008,JAL-RC-0005,Directed
JAL-RC-0008,JAL-RC-0006,Directed
JAL-RC-0008,JAL-SE-0008,Directed
JAL-RC-0008,JAL-SE-0023,Directed
JAL-RC-0008,JAL-SE-0021,Directed
JAL-RC-0008,JAL-SE-0019,Directed
JAL-RC-0008,JAL-SE-0018,Directed
JAL-RC-0008,JAL-SE-0042,Directed
JAL-RC-0008,JAL-SE-0004,Directed
JAL-RC-0008,JAL-SE-0039,Directed
JAL-SE-0013,JAL-SE-0039,Directed
JAL-RC-0008,JAL-SE-0041,Directed
JAL-RC-0008,JAL-DAIP-0003,Directed
JAL-RC-0001,JAL-DAIP-0003,Directed
JAL-RC-0001,JAL-DAIP-0005,Directed
JAL-RC-0008,JAL-DAIP-0005,Directed
JAL-CODE-0006,JAL-CODE-0001,Directed
JAL-CODE-0006,JAL-CODE-0003,Directed
JAL-RC-0008,JAL-FE-0002,Directed
JAL-RC-0008,JAL-DIF-0001,Directed
JAL-CODE-0006,JAL-DIF-0001,Directed
JAL-IJCF-0014,JAL-DIF-0001,Directed
JAL-RC-0008,JAL-DIF-0004,Directed
JAL-RC-0008,JAL-DIF-0006,Directed
JAL-RC-0008,JAL-DIF-0007,Directed
JAL-RC-0008,JAL-DIF-0008,Directed
JAL-RC-0008,JAL-DIF-0011,Directed
JAL-RC-0008,JAL-DIF-0012,Directed
JAL-RC-0008,JAL-SECADMON-0001,Directed
JAL-RC-0008,JAL-SICyT-0005,Directed
JAL-RC-0008,JAL-SICyT-0006,Directed
JAL-RC-0008,JAL-SICyT-0004,Directed
JAL-RC-0008,JAL-SICyT-0003,Directed
JAL-RC-0008,JAL-SICyT-0001,Directed
